Miles,Price,TimeSpan,Title
10.000 km (anpassbar),"231,00€",48 Monate (anpassbar),Audi Q2 30 TFSI !!Aktion!!
10.000 km (anpassbar),"309,00€",48 Monate (anpassbar),Audi A4 Lim Advanced 40 TDI QUATTRO S-TRONIC LED NAVI A
10.000 km (anpassbar),"687,82€",48 Monate (anpassbar),Audi e-tron S LINE 50 QUATTRO 230 KW verfügbar 12/2022 (Neuss)
10.000 km (anpassbar),"339,00€",48 Monate (anpassbar),Audi A4 Avant advanced 40 TDI S tronic STADT TOUR AM
10.000 km (anpassbar),"588,00€",48 Monate (anpassbar),Audi e-tron Sportback 50 quattro advanced | PANO |
10.000 km (anpassbar),"449,00€",48 Monate (anpassbar),Audi A5 Coupe S line (Garantie 07/2026.Kamera.Pano.LE
10.000 km (anpassbar),"419,00€",48 Monate (anpassbar),Audi A6 Avant Sport 35 TDI S-tronic LEDER TOUR NAVI A
10.000 km (anpassbar),"449,00€",48 Monate (anpassbar),Audi A6 Avant Sport 40 TDI S-Tronic LEDER PANO TOUR HUD ATOUCH VIRTUAL KAMERA BV
10.000 km (anpassbar),"468,00€",48 Monate (anpassbar),Audi A6 Avant sport 40 TDI S tronic - AHK*Pano*ACC*Head-up*
10.000 km (anpassbar),"479,00€",48 Monate (anpassbar),Audi A6 Avant design 40 TDI S tronic- AHK*Pano*ACC*Navi*
10.000 km (anpassbar),"269,00€",48 Monate (anpassbar),"Audi A1 Sportback Advanced 30 TFSI, 17 Zoll Alus, 8-Fach bereift"
10.000 km (anpassbar),"292,00€",42 Monate (anpassbar),Audi A3 Sportback 30 TFSI advanced SOUND SYTSEM PHONE BOX
10.000 km (anpassbar),"275,00€",48 Monate (anpassbar),Audi A1 Sportback 25 TFSI advanced | MMI NAVI PLUS |INKL. WInterräder
10.000 km (anpassbar),"259,00€",42 Monate (anpassbar),Audi A1 Sportback S line 25 TFSI
10.000 km (anpassbar),"275,00€",36 Monate (anpassbar),Audi A3 Sportback - Fahrzeug frei konfigurierbar-
10.000 km (anpassbar),"296,31€",48 Monate (anpassbar),"Audi A1 Sportback 25 TFSI 70(95) kW(PS) S tronic, inkl. Ratenabsicherung"
10.000 km (anpassbar),"229,00€",48 Monate (anpassbar),Audi A1 25 TFSI *Ausstattung änderbar / Aktion bis 30.08.2022!*
10.000 km (anpassbar),"273,00€",48 Monate (anpassbar),"Audi A3 Limousine 35 TFSI s-tronic, Navi,"
10.000 km (anpassbar),"268,00€",48 Monate (anpassbar),Audi A1 Sportback ADVANCED 25 TFSI S-TRONIC VIRTUAL.S
10.000 km (anpassbar),"259,00€",48 Monate (anpassbar),Audi A1 Sportback 30 TFSI advanced WR LED DAB PDC AMI
10.000 km (anpassbar),"242,00€",42 Monate (anpassbar),Audi A1 Sportback 25TFSI advanced MMiConnect GRA Klimaautomatik
10.000 km (anpassbar),"225,00€",48 Monate (anpassbar),Audi A3 30 TFSI MIT BEHINDERTENAUSWEIS
10.000 km (anpassbar),"249,00€",48 Monate (anpassbar),"Audi A3 2.0 TDI Cabriolet Sport (Sportfahrwerk + Sportsitze) PDC hinten, Sitzheizung"
10.000 km (anpassbar),"258,00€",48 Monate (anpassbar),Audi Q2 30 TFSI 81 kW Schaltgetriebe
15.000 km (anpassbar),"289,00€",42 Monate (anpassbar),Audi A1 Citycarver 35 TFSI 6-Gang TEMPOMAT+B&O+APS+
10.000 km (anpassbar),"244,00€",42 Monate (anpassbar),Audi A1 Sportback 25 TFSI advanced APS Virtual GRA
10.000 km (anpassbar),"284,41€",48 Monate (anpassbar),Audi A1 Sportback Verfügbar ab 01.08.2022
10.000 km (anpassbar),"283,00€",48 Monate (anpassbar),"Audi A3 Sportback 30 TDI advanced, Navi, Anschlussgarantie"
10.000 km (anpassbar),"288,00€",48 Monate (anpassbar),Audi A1 Sportback 25 TFSI Bestellfahrzeug 5 Monate Lieferzeit
10.000 km (anpassbar),"279,00€",48 Monate (anpassbar),Audi A3 Limo 30 TFSI advanced ACC Navi Virtual ASI Phonebox
10.000 km (anpassbar),"219,00€",48 Monate (anpassbar),Audi A1 Sportback 25 TFSI 219€ **Bestellaktion**
10.000 km (anpassbar),"265,00€",42 Monate (anpassbar),Audi A1 Citycarver 25 TFSI ACC+APS+LED+SITZHEIZUNG
10.000 km (anpassbar),"249,00€",48 Monate (anpassbar),"Audi A1 Sportback Advanced 25 TFSI, LED, 8-Fach bereift"
10.000 km (anpassbar),"274,00€",42 Monate (anpassbar),Audi A3 Sportback 30TFSI S tronic advanced AHK LED EPH GRA Infotaimentpaket
10.000 km (anpassbar),"276,00€",48 Monate (anpassbar),Audi A3 Limousine 1.0 TFSI
10.000 km (anpassbar),"231,00€",48 Monate (anpassbar),Audi Q2 30 TFSI !!Aktion!!
10.000 km (anpassbar),"299,00€",48 Monate (anpassbar),Audi A1 Sportback 30 TFSI S tronic ♿️
10.000 km (anpassbar),"249,00€",48 Monate (anpassbar),"Audi A1 Sportback Advanced 25 TFSI, 8-Fach bereift"
10.000 km (anpassbar),"289,00€",48 Monate (anpassbar),"Audi A1 Sportback 25 TFSI advanced VIRTUAL ACC PDC 18"" CONNECT DAB"
10.000 km (anpassbar),"271,00€",42 Monate (anpassbar),Audi Q2 30 TFSI advanced AHK
10.000 km (anpassbar),"259,42€",48 Monate (anpassbar),Audi A3 30 TFSI
10.000 km (anpassbar),"267,00€",48 Monate (anpassbar),Audi Q2 30 TFSI*Austattung änderbar/Aktion bis 30.06.22*
10.000 km (anpassbar),"232,00€",42 Monate (anpassbar),Audi A1 Sportback 25 TFSI advanced ACC PDC Virtual
10.000 km (anpassbar),"278,00€",48 Monate (anpassbar),Audi A3 Limousine 30 TFSI S tronic advanced | DAB |
10.000 km (anpassbar),"266,00€",48 Monate (anpassbar),Audi A1 Sportback 30 TFSI advanced Navi DAB Tempomat VC
10.000 km (anpassbar),"190,00€",48 Monate (anpassbar),Audi A1 IN VERSCHIEDENEN AUSSTATTUNGEN VERFÜGBAR
10.000 km (anpassbar),"269,00€",48 Monate (anpassbar),"Audi A3 Sportback Advanced 30 TFSI, 8-Fach bereift"
10.000 km (anpassbar),"270,00€",48 Monate (anpassbar),Audi A3 Sportback 30TFSI frei kon­fi­gu­rier­bar
10.000 km (anpassbar),"284,00€",42 Monate (anpassbar),Audi Q2 advanced 30TFSI LED GRA EPH Klimaautom
10.000 km (anpassbar),"213,00€",48 Monate (anpassbar),Audi A1 Sportback 25 TFSI 70(95) kW(PS) Schaltgetriebe frei kon­fi­gu­rier­bar
10.000 km (anpassbar),"296,31€",48 Monate (anpassbar),"Audi Q2 30 TFSI 81(110) kW(PS) Schaltgetriebe, inkl. Ratenversicherung, Lieferung Juni 23!!!"
10.000 km (anpassbar),"245,00€",48 Monate (anpassbar),Audi A1 Sportback advanced 25TFSI GRA EPH Sitzhzg Klimaautom
10.000 km (anpassbar),"297,00€",48 Monate (anpassbar),Audi A3 Limousine 30 TFSI Assist/Navi/DAB/LED/Connect uvm.
10.000 km (anpassbar),"298,00€",48 Monate (anpassbar),Audi A3 Sportback 30 TDI - advanced - Navi Kamera SitzH
10.000 km (anpassbar),"287,00€",42 Monate (anpassbar),"Audi Q2 Advanced 30 TFSI, 8-Fach bereift"
10.000 km (anpassbar),"290,00€",42 Monate (anpassbar),Audi A3 Sportback 30 TFSI advanced AHK SOUND SYSTEM Tempomat
10.000 km (anpassbar),"299,00€",48 Monate (anpassbar),Audi A1 Sportback S-LINE 30 TFSI NAVI.VIRTUAL.1
10.000 km (anpassbar),"269,14€",18 Monate (anpassbar),Audi A1 30 TFSI 110 S tronic CityC ViCo CarPlay APS
10.000 km (anpassbar),"259,95€",48 Monate (anpassbar),Audi A3 Design Automatik
10.000 km (anpassbar),"277,00€",36 Monate (anpassbar),Audi A1 Sportback 35 TFSI S tronic
10.000 km (anpassbar),"291,00€",48 Monate (anpassbar),Audi A1 Sportback advanced 25 TFSI Schaltgetriebe | 8 Monate Lieferzeit
10.000 km (anpassbar),"273,00€",48 Monate (anpassbar),Audi A1 allstreet / Citycarver 25 TFSI Sitzheizung+Klimaaut.+Einparkh.
10.000 km (anpassbar),"298,00€",42 Monate (anpassbar),Audi A1 Sportback citycarver 25TFSI GRA EPH Klimaautomatik
10.000 km (anpassbar),"275,00€",48 Monate (anpassbar),Audi A3 Limo 30 TFSI advanced ACC Navi Virtual ASI Phonebox
10.000 km (anpassbar),"249,00€",48 Monate (anpassbar),Audi Q2 30 TFSI 249€ *Bestellaktion*
10.000 km (anpassbar),"288,00€",42 Monate (anpassbar),"Audi A3 Sportback 30 TFSI advanced, AHK, Sitzheizung"
10.000 km (anpassbar),"286,55€",18 Monate (anpassbar),Audi A1 30 TFSI 110 S tronic CityC ViCo CarPlay APS
10.000 km (anpassbar),"298,00€",48 Monate (anpassbar),Audi A3 Sportback 35TFSI Stronic GRA EPH Klimaautomatik
10.000 km (anpassbar),"292,59€",18 Monate (anpassbar),Audi A1 35 TFSI 150 S tronic CityC Nav ViCo Kam PDC
10.000 km (anpassbar),"299,00€",48 Monate (anpassbar),Audi A3 Sportback 30 TFSI S tronic *frei konfigurierbar*
10.000 km (anpassbar),"276,08€",48 Monate (anpassbar),Audi A1 Sportback 25 TFSI 70(95) kW(PS) Schaltgetriebe >>SOFORT VERFÜGBAR<<
10.000 km (anpassbar),"298,00€",48 Monate (anpassbar),Audi A3 Sportback 35TFSI Stronic GRA EPH Klimaautomatik
10.000 km (anpassbar),"255,00€",48 Monate (anpassbar),Audi A1 Sportback advanced 25TFSI GRA EPH Sitzhzg Klimaautom
10.000 km (anpassbar),"284,41€",48 Monate (anpassbar),Audi A1 Sportback Sofort verfügbar *Aktionsfahrzeug*
10.000 km (anpassbar),"222,00€",48 Monate (anpassbar),Audi A1 Sportback 25 TFSI Radio PDC
10.000 km (anpassbar),"274,00€",48 Monate (anpassbar),Audi A3 S-Line 35 TFSI MIT BEHINDERTENAUSWEIS
10.000 km (anpassbar),"297,00€",48 Monate (anpassbar),Audi A3 Sportback 30 TDI advanced | MMI NAVI PLUS |**Aktion**
10.000 km (anpassbar),"243,95€",48 Monate (anpassbar),Audi Q2 30 TFSI Vorlauffahrzeug
10.000 km (anpassbar),"285,00€",48 Monate (anpassbar),Audi A3 Sportback 35 TFSI
10.000 km (anpassbar),"287,00€",48 Monate (anpassbar),"Audi A3 Sportback Advanced 30 TDI, 8-Fach bereift"
10.000 km (anpassbar),"277,00€",48 Monate (anpassbar),Audi A1 Sportback - Sitzheizung - Einparkhilfe hinten - WKR
10.000 km (anpassbar),"279,00€",48 Monate (anpassbar),Audi A3 Sportback 30TFSI Navi GRA AHK EPH Klimaautomatik
10.000 km (anpassbar),"269,00€",48 Monate (anpassbar),Audi A1 Sportback S line 25TFSI LED GRA EPH Klimaautomatik
10.000 km (anpassbar),"289,00€",48 Monate (anpassbar),"Audi Q2 Advanced 30 TFSI Connectivity LED*AHK*PDC*3,5J.Garantie"
10.000 km (anpassbar),"299,00€",42 Monate (anpassbar),Audi A3 Sportback Advanced 30 TDI STANDHEIZUNG VIRTUAL
10.000 km (anpassbar),"266,00€",48 Monate (anpassbar),Audi A1 Sportback advanced 25 TFSI S-tronic | Menschen mit Behinderung | 8 Monate Lieferzeit
10.000 km (anpassbar),"299,00€",42 Monate (anpassbar),Audi A3 Sportback S line 30TFSI GRA EPH Klimaautomatik
10.000 km (anpassbar),"233,24€",48 Monate (anpassbar),"Audi A1 25 TFSI Schaltgetriebe, Klima, DAB"
10.000 km (anpassbar),"259,00€",48 Monate (anpassbar),"Audi A1 Sportback Advanced 25 TFSI S tronic, LED, 8-Fach bereift, ACC"
10.000 km (anpassbar),"257,00€",48 Monate (anpassbar),Audi Q2 30 TFSI 81(110) kW(PS) Schaltgetriebe frei kon­fi­gu­rier­bar
